<xml xmlns:o="urn:schemas-microsoft-com:office:office">
 <o:MainFile HRef="../Help_NMFLAB.htm"/>
 <o:File HRef="image001.png"/>
 <o:File HRef="image110.jpg"/>
 <o:File HRef="image003.png"/>
 <o:File HRef="image111.jpg"/>
 <o:File HRef="image005.png"/>
 <o:File HRef="image112.jpg"/>
 <o:File HRef="image007.png"/>
 <o:File HRef="image113.jpg"/>
 <o:File HRef="image009.png"/>
 <o:File HRef="image114.jpg"/>
 <o:File HRef="image011.gif"/>
 <o:File HRef="image012.gif"/>
 <o:File HRef="image013.png"/>
 <o:File HRef="image115.jpg"/>
 <o:File HRef="image015.png"/>
 <o:File HRef="image116.jpg"/>
 <o:File HRef="image017.png"/>
 <o:File HRef="image117.jpg"/>
 <o:File HRef="image019.png"/>
 <o:File HRef="image118.jpg"/>
 <o:File HRef="image021.png"/>
 <o:File HRef="image119.jpg"/>
 <o:File HRef="image023.png"/>
 <o:File HRef="image120.jpg"/>
 <o:File HRef="image025.png"/>
 <o:File HRef="image121.jpg"/>
 <o:File HRef="image027.png"/>
 <o:File HRef="image122.jpg"/>
 <o:File HRef="image029.png"/>
 <o:File HRef="image123.jpg"/>
 <o:File HRef="image031.png"/>
 <o:File HRef="image124.jpg"/>
 <o:File HRef="image033.png"/>
 <o:File HRef="image125.jpg"/>
 <o:File HRef="image035.png"/>
 <o:File HRef="image126.jpg"/>
 <o:File HRef="image037.png"/>
 <o:File HRef="image127.jpg"/>
 <o:File HRef="image039.png"/>
 <o:File HRef="image128.jpg"/>
 <o:File HRef="image041.wmz"/>
 <o:File HRef="image129.gif"/>
 <o:File HRef="oledata.mso"/>
 <o:File HRef="image043.wmz"/>
 <o:File HRef="image130.gif"/>
 <o:File HRef="image045.wmz"/>
 <o:File HRef="image131.gif"/>
 <o:File HRef="image047.wmz"/>
 <o:File HRef="image132.gif"/>
 <o:File HRef="image049.wmz"/>
 <o:File HRef="image133.gif"/>
 <o:File HRef="image051.wmz"/>
 <o:File HRef="image134.gif"/>
 <o:File HRef="image053.wmz"/>
 <o:File HRef="image135.gif"/>
 <o:File HRef="image055.wmz"/>
 <o:File HRef="image136.gif"/>
 <o:File HRef="image057.wmz"/>
 <o:File HRef="image137.gif"/>
 <o:File HRef="image059.wmz"/>
 <o:File HRef="image138.gif"/>
 <o:File HRef="image061.wmz"/>
 <o:File HRef="image139.gif"/>
 <o:File HRef="image063.wmz"/>
 <o:File HRef="image140.gif"/>
 <o:File HRef="image065.wmz"/>
 <o:File HRef="image141.gif"/>
 <o:File HRef="image067.wmz"/>
 <o:File HRef="image142.gif"/>
 <o:File HRef="image069.wmz"/>
 <o:File HRef="image143.gif"/>
 <o:File HRef="image071.wmz"/>
 <o:File HRef="image144.gif"/>
 <o:File HRef="image073.wmz"/>
 <o:File HRef="image145.gif"/>
 <o:File HRef="image075.png"/>
 <o:File HRef="image146.jpg"/>
 <o:File HRef="image077.png"/>
 <o:File HRef="image147.jpg"/>
 <o:File HRef="image079.png"/>
 <o:File HRef="image148.jpg"/>
 <o:File HRef="image081.png"/>
 <o:File HRef="image149.jpg"/>
 <o:File HRef="image083.png"/>
 <o:File HRef="image150.jpg"/>
 <o:File HRef="image085.png"/>
 <o:File HRef="image151.jpg"/>
 <o:File HRef="image087.png"/>
 <o:File HRef="image152.jpg"/>
 <o:File HRef="image089.png"/>
 <o:File HRef="image153.jpg"/>
 <o:File HRef="image091.png"/>
 <o:File HRef="image154.jpg"/>
 <o:File HRef="image093.png"/>
 <o:File HRef="image155.jpg"/>
 <o:File HRef="image095.png"/>
 <o:File HRef="image156.jpg"/>
 <o:File HRef="image097.png"/>
 <o:File HRef="image157.jpg"/>
 <o:File HRef="image099.png"/>
 <o:File HRef="image158.jpg"/>
 <o:File HRef="image159.jpg"/>
 <o:File HRef="image101.png"/>
 <o:File HRef="image160.jpg"/>
 <o:File HRef="image161.jpg"/>
 <o:File HRef="image104.png"/>
 <o:File HRef="image162.jpg"/>
 <o:File HRef="image106.png"/>
 <o:File HRef="image163.jpg"/>
 <o:File HRef="image108.png"/>
 <o:File HRef="image164.jpg"/>
 <o:File HRef="filelist.xml"/>
</xml>